,age,creatinine_phosphokinase,ejection_fraction,platelets,serum_creatinine,serum_sodium
count,299.0,299.0,299.0,299.0,299.0,299.0
mean,60.83389297658862,581.8394648829432,38.08361204013378,263358.02926421404,1.3938795986622072,136.62541806020067
std,11.89480907404447,970.2878807124362,11.834840741039171,97804.2368685983,1.0345100640898541,4.412477283909235
min,40.0,23.0,14.0,25100.0,0.5,113.0
25%,51.0,116.5,30.0,212500.0,0.9,134.0
50%,60.0,250.0,38.0,262000.0,1.1,137.0
75%,70.0,582.0,45.0,303500.0,1.4,140.0
max,95.0,7861.0,80.0,850000.0,9.4,148.0
