,model,optimal_threshold,youden_j,sensitivity,specificity
0,LR,0.384913447544982,0.3145057766367137,0.631578947368421,0.6829268292682926
1,RF,0.24318572670436484,0.3992297817715019,0.7894736842105263,0.6097560975609756
2,XGB,0.34062855412394455,0.15661103979460844,0.47368421052631576,0.6829268292682926
