,feature_set,model,roc_auc,pr_auc,brier,log_likelihood
0,ef,LogisticRegression,0.7111681643132222,0.580000397763047,0.22532442359345323,-38.46774527512086
1,ef+cr+na,RandomForestClassifier,0.8151476251604621,0.7569773212896445,0.16132907342119704,-29.239333148390006
2,ef,XGBClassifier,0.8741976893453145,0.8115174321830667,0.12576782378418228,-24.408411026000977
