,anaemia,diabetes,high_blood_pressure,sex,smoking
count,299.0,299.0,299.0,299.0,299.0
mean,0.431438127090301,0.4180602006688963,0.3511705685618729,0.6488294314381271,0.3210702341137124
std,0.4961072681330793,0.49406706510360904,0.47813637906274475,0.47813637906274475,0.46767042805677167
min,0.0,0.0,0.0,0.0,0.0
25%,0.0,0.0,0.0,0.0,0.0
50%,0.0,0.0,0.0,1.0,0.0
75%,1.0,1.0,1.0,1.0,1.0
max,1.0,1.0,1.0,1.0,1.0
