,model,base_fs,extended_fs,LR_stat,LR_p_value,LR_significant,DeLong_base_AUC,DeLong_extended_AUC,DeLong_p_value,DeLong_significant
0,LR,baseline,ef,6.432318618426407,0.011206219722083466,True,0.5353016688061617,0.711168164313222,0.012879032632844956,True
1,LR,baseline,cr,0.0,1.0,False,0.5353016688061617,0.6469833119383825,0.11674510990213771,False
2,LR,ef,ef+cr,0.0,1.0,False,0.711168164313222,0.7432605905006419,0.6297895230162063,False
3,LR,cr,ef+cr,7.8247979753545,0.0051534206801495674,True,0.6469833119383825,0.7432605905006419,0.18580598689562633,False
12,LR,ef+cr,ef+cr+na,0.0003323015399558926,0.985456056251009,False,0.7432605905006419,0.7432605905006419,1.0,False
13,LR,ef+cr,ef+cr+age2,0.477222665655475,0.48968303547990144,False,0.7432605905006419,0.7471116816431322,0.9575160056136491,False
14,LR,ef+cr+na,ef+cr+na+age2,0.47679201967190465,0.48987900436499665,False,0.7432605905006419,0.7471116816431322,0.9575160056136491,False
15,LR,ef+cr+age2,ef+cr+na+age2,0.0,1.0,False,0.7471116816431322,0.7471116816431322,1.0,False
