,model,feature_set,threshold,roc_auc,pr_auc,brier_score,accuracy,recall,precision,specificity,f1
0,LogisticRegression,ef,0.384913447544982,0.6482670089858793,0.4853993805942846,0.2055491863187763,0.6666666666666666,0.631578947368421,0.48,0.6829268292682927,0.5454545454545454
1,RandomForestClassifier,ef+cr+na,0.24318572670436484,0.6906290115532734,0.45940508457764256,0.20151196033841998,0.6666666666666666,0.7894736842105263,0.4838709677419355,0.6097560975609756,0.6
2,XGBClassifier,ef,0.34062855412394455,0.5468549422336328,0.34547162829317735,0.216430212972051,0.6166666666666667,0.47368421052631576,0.4090909090909091,0.6829268292682927,0.43902439024390244
