,LR,RF,XGB
statistic,6.81253599311042,11.369172426021553,10.864976787269148
p_value,0.5569872710679351,0.18164575110711711,0.20946780468922788
significant,False,False,False
