,feature_set,model,roc_auc,pr_auc,brier,log_likelihood
0,baseline,LogisticRegression,0.5372272143774068,0.4168291423898869,0.25059224428134813,-41.683904584334066
6,cr,LogisticRegression,0.6463414634146342,0.49828376176952316,0.2550969767428424,-43.98420639715685
3,ef,LogisticRegression,0.7111681643132222,0.580000397763047,0.22532442359345323,-38.46774527512086
9,ef+cr,LogisticRegression,0.7432605905006419,0.5630645715274563,0.2302483775249259,-40.071807409479604
15,ef+cr+age2,LogisticRegression,0.7471116816431322,0.5638485458024645,0.22875168682803101,-39.833196076651866
12,ef+cr+na,LogisticRegression,0.7432605905006419,0.5630645715274563,0.23024803583435738,-40.071641258709626
18,ef+cr+na+age2,LogisticRegression,0.7471116816431322,0.5638485458024645,0.2287528661571204,-39.83324524887367
