,feature_set,model,roc_auc,pr_auc,brier,log_likelihood
1,baseline,RandomForestClassifier,0.693196405648267,0.5449178201385195,0.19445362457756857,-34.21788275961125
7,cr,RandomForestClassifier,0.7214377406931963,0.6229190414639554,0.19181690410045116,-34.001380927455
4,ef,RandomForestClassifier,0.7946084724005135,0.6846236593830481,0.16333852874293875,-30.034252186913125
10,ef+cr,RandomForestClassifier,0.8100128369704749,0.7467224084328923,0.1554470497611078,-28.448274092609186
16,ef+cr+age2,RandomForestClassifier,0.8177150192554556,0.75265611087251,0.156025838010997,-28.514580677022085
13,ef+cr+na,RandomForestClassifier,0.8151476251604621,0.7569773212896445,0.16132907342119704,-29.239333148390006
19,ef+cr+na+age2,RandomForestClassifier,0.8061617458279846,0.7365731636784267,0.16616923757255594,-29.882471936302462
