,feature_set,model,roc_auc,pr_auc,brier,log_likelihood
2,baseline,XGBClassifier,0.7740693196405648,0.634033335357272,0.17888694184392248,-32.76570129394531
8,cr,XGBClassifier,0.7650834403080873,0.6759410224240701,0.17744138995939315,-32.11793899536133
5,ef,XGBClassifier,0.8741976893453145,0.8115174321830667,0.12576782378418228,-24.408411026000977
11,ef+cr,XGBClassifier,0.8292682926829268,0.739217477552915,0.14311506625979623,-26.98171043395996
17,ef+cr+age2,XGBClassifier,0.8356867779204108,0.7473318829223834,0.1409023673999841,-26.910621643066406
14,ef+cr+na,XGBClassifier,0.8382541720154043,0.7642968579434744,0.15596425458878965,-28.907642364501953
20,ef+cr+na+age2,XGBClassifier,0.8485237483953787,0.7726388093728049,0.1454981493978457,-27.07684326171875
